Track	Url_img	Album	Speechiness	Acousticness	Liveness	Valence	Energy	Link
1 TO 10	https://i.scdn.co/image/ab67616d0000b273836dfeeabc0e33ace0227d47	Twicecoaster: Lane 2	0.225	0.133	0.166	0.735	0.84	https://open.spotify.com/track/6zBTo3EFNeEzkHcivPfztW
1, 3, 2 (JEONGYEON, MINA, TZUYU)	https://i.scdn.co/image/ab67616d0000b273d1961ecb307c9e05ec8f7e82	Formula Of Love: O+T=<3	0.0463	0.0799	0.222	0.708	0.875	https://open.spotify.com/track/6bS9w12VuyaqkbNKnw5zZE
21:29	https://i.scdn.co/image/ab67616d0000b27349b81808fcdaeeb55bef59d1	Feel Special	0.0427	0.126	0.429	0.616	0.727	https://open.spotify.com/track/3TzMWtr6hB1PlPiT1b4PRR
24/7	https://i.scdn.co/image/ab67616d0000b273f0d00e054e9a9cb2e86cdf72	Merry & Happy	0.0705	0.0678	0.387	0.548	0.744	https://open.spotify.com/track/2JzPQPg0Sq9s3EcBJsBn2D
AFTER MOON	https://i.scdn.co/image/ab67616d0000b27306ed5d1d101e98e6a270b570	The Year Of ""Yes""	0.082	0.572	0.121	0.413	0.65	https://open.spotify.com/track/63yxSWKKxV6LC0Jsh0knbI
ALCOHOL-FREE	https://i.scdn.co/image/ab67616d0000b273feede28e85bb57807a272a2b	Taste Of Love	0.0624	0.0474	0.0674	0.702	0.909	https://open.spotify.com/track/0BTaaKT4RMbs5M73tOHX5Y
BABY BLUE LOVE	https://i.scdn.co/image/ab67616d0000b273feede28e85bb57807a272a2b	Taste Of Love	0.0481	0.0313	0.118	0.72	0.838	https://open.spotify.com/track/7Jzo3IObpANz6giPTUrihB
BASICS	https://i.scdn.co/image/ab67616d0000b273c3040848e6ef0e132c5c8340	Between 1&2	0.227	0.254	0.139	0.585	0.8	https://open.spotify.com/track/63mL1DdcSFfxVJ9XGnSRQz
BDZ	https://i.scdn.co/image/ab67616d0000b273cc72cf8eb5fc820d2cb571d6	Bdz (Repackage)	0.0444	0.0113	0.108	0.668	0.862	https://open.spotify.com/track/3YKGJ5tan46uwhJ6xtaZMM
BE AS ONE	https://i.scdn.co/image/ab67616d0000b273cc72cf8eb5fc820d2cb571d6	Bdz (Repackage)	0.0361	0.465	0.0975	0.358	0.558	https://open.spotify.com/track/6XRrmw9NXpXmZFauqhuVoV
BE OK	https://i.scdn.co/image/ab67616d0000b27329e7568dbd16f270b3d96db4	&Twice (Repackage)	0.149	0.0305	0.0413	0.634	0.714	https://open.spotify.com/track/3TBZv1eEBGFUEzRoNRVnBh
BEHIND THE MASK	https://i.scdn.co/image/ab67616d0000b2736570fd05bcff5edcb16e617d	Eyes Wide Open	0.113	0.0689	0.195	0.346	0.813	https://open.spotify.com/track/7mBgzdwjJzfnUJtHrRXuCA
BELIEVER	https://i.scdn.co/image/ab67616d0000b2736570fd05bcff5edcb16e617d	Eyes Wide Open	0.0599	0.0294	0.663	0.483	0.84	https://open.spotify.com/track/7louodH5FUYuL3yvHQtq3O
BETTER	https://i.scdn.co/image/ab67616d0000b273579e945923463492cb43a5ce	Perfect World	0.046	0.00123	0.353	0.584	0.698	https://open.spotify.com/track/1Wrn6btrungVsBjyViLnuY
BITTER SWEET	https://i.scdn.co/image/ab67616d0000b27396f409e230a8f42400c901f1	Celebrate	0.0869	0.21	0.116	0.684	0.761	https://open.spotify.com/track/4S8oHLnQ9xFigFCLAbplGi
BLAME IT ON ME	https://i.scdn.co/image/ab67616d0000b27359f57a5ca507a3d3fed81ea6	Ready To Be	0.0481	0.198	0.255	0.724	0.681	https://open.spotify.com/track/2hQdmjAhYEuMuqNWZCsz1J
BRAND NEW GIRL	https://i.scdn.co/image/ab67616d0000b273cc72cf8eb5fc820d2cb571d6	Bdz (Repackage)	0.0696	0.016	0.145	0.75	0.965	https://open.spotify.com/track/1U3cHXWaa0FqlUWLLBL7Kz
BRAVE	https://i.scdn.co/image/ab67616d0000b273c3040848e6ef0e132c5c8340	Between 1&2	0.0483	0.0778	0.178	0.663	0.884	https://open.spotify.com/track/2peoFPokM6eYAIwLm9IQ8E
BREAKTHROUGH	https://i.scdn.co/image/ab67616d0000b27329e7568dbd16f270b3d96db4	&Twice (Repackage)	0.11	0.0439	0.0975	0.616	0.728	https://open.spotify.com/track/4FSZ58qDnveyK6aAjFMtN2
BRING IT BACK	https://i.scdn.co/image/ab67616d0000b2736570fd05bcff5edcb16e617d	Eyes Wide Open	0.0684	0.207	0.118	0.606	0.638	https://open.spotify.com/track/2APCo1hwAaua9CslYXqALD
CACTUS	https://i.scdn.co/image/ab67616d0000b273d1961ecb307c9e05ec8f7e82	Formula Of Love: O+T=<3	0.0307	0.122	0.154	0.223	0.615	https://open.spotify.com/track/5TYy2SgTQUv6YGWHbryUV8
CANDY	https://i.scdn.co/image/ab67616d0000b273d1961ecb307c9e05ec8f7e82	Formula Of Love: O+T=<3	0.0363	0.212	0.0671	0.78	0.734	https://open.spotify.com/track/53Abp3QVXDA9z1VmJsOBXm
CANDY BOY	https://i.scdn.co/image/ab67616d0000b273ce17f432c79c5e45ce88688f	The Story Begins	0.0924	0.0183	0.0589	0.645	0.695	https://open.spotify.com/track/24v5kLGH1orEX6kAFgAbA3
CANDY POP	https://i.scdn.co/image/ab67616d0000b273cc72cf8eb5fc820d2cb571d6	Bdz (Repackage)	0.0894	0.177	0.141	0.84	0.943	https://open.spotify.com/track/0fMOC7vdsMubv9fgFIu9Wk
CATCH A WAVE	https://i.scdn.co/image/ab67616d0000b27386220f35cd24a014c70d0e55	Hare Hare	0.0525	0.217	0.11	0.803	0.921	https://open.spotify.com/track/2MbxU95EQZbdRo0biiC6M2
CELEBRATE	https://i.scdn.co/image/ab67616d0000b27396f409e230a8f42400c901f1	Celebrate	0.0573	0.0628	0.0634	0.864	0.89	https://open.spotify.com/track/4Y0chGCyYIRpdUqHJjndF7
CHANGING!	https://i.scdn.co/image/ab67616d0000b27329e7568dbd16f270b3d96db4	&Twice (Repackage)	0.0729	0.261	0.0932	0.81	0.904	https://open.spotify.com/track/2p1sCfVcsXbZtMx3pjklOQ
CHEER UP	https://i.scdn.co/image/ab67616d0000b2739e9e3a1adcc32090690fd0b6	Page Two	0.124	0.139	0.114	0.509	0.885	https://open.spotify.com/track/7lB4rxNVc7vm33ZSZXVRAQ
CHILLAX	https://i.scdn.co/image/ab67616d0000b27340d7efd2594a2b6bda60ea18	Summer Nights	0.0592	0.134	0.0575	0.741	0.832	https://open.spotify.com/track/4TsOQZGMRCVUhS7cNzhdVF
CONVERSATION	https://i.scdn.co/image/ab67616d0000b273feede28e85bb57807a272a2b	Taste Of Love	0.183	0.17	0.303	0.737	0.649	https://open.spotify.com/track/51m3W8o9IlVrdWDEyqSY4F
CRAZY STUPID LOVE	https://i.scdn.co/image/ab67616d0000b27359f57a5ca507a3d3fed81ea6	Ready To Be	0.0316	0.393	0.07	0.681	0.748	https://open.spotify.com/track/0jn8sYeWOdYHjdF2cBmF75
CRUEL	https://i.scdn.co/image/ab67616d0000b273d1961ecb307c9e05ec8f7e82	Formula Of Love: O+T=<3	0.061	0.0112	0.151	0.82	0.827	https://open.spotify.com/track/139JUU8fJkQoeHl9nABk9C
DANCE THE NIGHT AWAY	https://i.scdn.co/image/ab67616d0000b27340d7efd2594a2b6bda60ea18	Summer Nights	0.0941	0.106	0.113	0.779	0.861	https://open.spotify.com/track/4DYIDSMIB5y2UmZFv9fxeX
DEJAVU	https://i.scdn.co/image/ab67616d0000b27340d7efd2594a2b6bda60ea18	Summer Nights	0.0649	0.0129	0.0895	0.509	0.793	https://open.spotify.com/track/5I7VK1Y81I4KdRCN27iGMl
DEPEND ON YOU	https://i.scdn.co/image/ab67616d0000b2736570fd05bcff5edcb16e617d	Eyes Wide Open	0.0387	0.0953	0.455	0.522	0.597	https://open.spotify.com/track/34WYAVk1WHSyMxY9tHRPyA
DING DONG	https://i.scdn.co/image/ab67616d0000b273f0d00e054e9a9cb2e86cdf72	Merry & Happy	0.051	0.0525	0.224	0.801	0.881	https://open.spotify.com/track/1sRQqInj0p7N8XRdgSSNQe
DO IT AGAIN	https://i.scdn.co/image/ab67616d0000b273ce17f432c79c5e45ce88688f	The Story Begins	0.0394	0.00771	0.145	0.791	0.942	https://open.spotify.com/track/2hEoYaI7wTStkahHj5oLP9
DO WHAT WE LIKE	https://i.scdn.co/image/ab67616d0000b2736570fd05bcff5edcb16e617d	Eyes Wide Open	0.0614	0.0101	0.091	0.715	0.896	https://open.spotify.com/track/54kGRAmn3I49RPAhdWG2sp
DON'T CALL ME AGAIN	https://i.scdn.co/image/ab67616d0000b27324869424ae632466b839a8a8	More & More	0.175	0.00146	0.112	0.613	0.902	https://open.spotify.com/track/4pOPTaIor4ilgBCcOmnJRU
DON'T GIVE UP	https://i.scdn.co/image/ab67616d0000b273f0d00e054e9a9cb2e86cdf72	Merry & Happy	0.0477	0.0592	0.155	0.465	0.663	https://open.spotify.com/track/0iAJxqyNx7dOuCD4c52iFH
DOUGHNUT	https://i.scdn.co/image/ab67616d0000b27396f409e230a8f42400c901f1	Celebrate	0.0315	0.233	0.145	0.459	0.586	https://open.spotify.com/track/65rmgd5uMb4Rgqb5dSiU0p
ESPRESSO	https://i.scdn.co/image/ab67616d0000b273d1961ecb307c9e05ec8f7e82	Formula Of Love: O+T=<3	0.215	0.065	0.141	0.752	0.851	https://open.spotify.com/track/61iEzLnJzBnMwumWtn0nFp
EYE EYE EYES	https://i.scdn.co/image/ab67616d0000b273d07e49e3e5a8e79903713354	Signal	0.133	0.0197	0.345	0.547	0.942	https://open.spotify.com/track/1f0bbQnt1jMQQXZCgSGmA8
F.I.L.A (FALL IN LOVE AGAIN)	https://i.scdn.co/image/ab67616d0000b273d1961ecb307c9e05ec8f7e82	Formula Of Love: O+T=<3	0.0945	0.0921	0.196	0.653	0.889	https://open.spotify.com/track/4O1WbQwMV0W6Y2dUCvwoBx
FAKE & TRUE	https://i.scdn.co/image/ab67616d0000b27329e7568dbd16f270b3d96db4	&Twice (Repackage)	0.0599	0.0569	0.288	0.765	0.808	https://open.spotify.com/track/2U3stMMeyotWIzAyK34uGW
FANCY	https://i.scdn.co/image/ab67616d0000b273ff7c2dfd0ed9b2cf6bf9c818	Fancy You	0.0449	0.0122	0.627	0.775	0.874	https://open.spotify.com/track/2qQpFbqqkLOGySgNK8wBXt
FANFARE	https://i.scdn.co/image/ab67616d0000b273579e945923463492cb43a5ce	Perfect World	0.126	0.0302	0.0764	0.81	0.956	https://open.spotify.com/track/3uqAI1vTwmFuGbLoYSjZHz
FEEL SPECIAL	https://i.scdn.co/image/ab67616d0000b27349b81808fcdaeeb55bef59d1	Feel Special	0.0604	0.0296	0.107	0.644	0.959	https://open.spotify.com/track/3Hz3tTQwOdM6XkA0ALB2G9
FFW	https://i.scdn.co/image/ab67616d0000b273f0d00e054e9a9cb2e86cdf72	Merry & Happy	0.0431	0.126	0.296	0.928	0.949	https://open.spotify.com/track/54tPbA8xDgU32dESUR2bNd
FIREWORK	https://i.scdn.co/image/ab67616d0000b27324869424ae632466b839a8a8	More & More	0.0536	0.115	0.701	0.685	0.92	https://open.spotify.com/track/5NhDDt5Zy8yGOECN3PLRdE
FIRST TIME	https://i.scdn.co/image/ab67616d0000b273feede28e85bb57807a272a2b	Taste Of Love	0.218	0.0535	0.0495	0.771	0.754	https://open.spotify.com/track/3YdqewCLgGsFhruA3EhILy
FLOW LIKE WAVES	https://i.scdn.co/image/ab67616d0000b27396f409e230a8f42400c901f1	Celebrate	0.0772	0.303	0.0734	0.844	0.802	https://open.spotify.com/track/130QnmAd1WGYmMf9TPh8eE
FOUR-LEAF CLOVER	https://i.scdn.co/image/ab67616d0000b273579e945923463492cb43a5ce	Perfect World	0.13	0.076	0.144	0.772	0.85	https://open.spotify.com/track/4kfWbVi5ND1FOUoN6LK5Es
GET LOUD	https://i.scdn.co/image/ab67616d0000b27349b81808fcdaeeb55bef59d1	Feel Special	0.0774	0.0464	0.338	0.847	0.953	https://open.spotify.com/track/6RIx1qFPIeY2PBZfAHLaLG
GIRLS LIKE US	https://i.scdn.co/image/ab67616d0000b273ff7c2dfd0ed9b2cf6bf9c818	Fancy You	0.0696	0.0457	0.379	0.699	0.695	https://open.spotify.com/track/2mJAZlRKj2egyDPuOgSaFz
GO HARD	https://i.scdn.co/image/ab67616d0000b2736570fd05bcff5edcb16e617d	Eyes Wide Open	0.0449	0.296	0.0999	0.509	0.852	https://open.spotify.com/track/5uZ5VUoj2al8GttE421bTD
GOING CRAZY	https://i.scdn.co/image/ab67616d0000b273ce17f432c79c5e45ce88688f	The Story Begins	0.204	0.0137	0.653	0.585	0.94	https://open.spotify.com/track/3TRi1libbp5FZqLauR04M6
GONE	https://i.scdn.co/image/ab67616d0000b273c3040848e6ef0e132c5c8340	Between 1&2	0.0755	0.327	0.0576	0.836	0.799	https://open.spotify.com/track/0tTotZHPsxyjW3jqNJ1td2
GOOD AT LOVE	https://i.scdn.co/image/ab67616d0000b273579e945923463492cb43a5ce	Perfect World	0.0568	0.0513	0.117	0.37	0.684	https://open.spotify.com/track/4rZ6LHapeH1Cnxgvu8SrFK
GOT THE THRILLS	https://i.scdn.co/image/ab67616d0000b27359f57a5ca507a3d3fed81ea6	Ready To Be	0.121	0.21	0.202	0.73	0.924	https://open.spotify.com/track/1RVsbqAP1WFFXPiBXQYIah
HANDLE IT	https://i.scdn.co/image/ab67616d0000b2736570fd05bcff5edcb16e617d	Eyes Wide Open	0.262	0.533	0.0898	0.69	0.574	https://open.spotify.com/track/2laLdXRHMaHCuqr3DXgzhZ
HAPPY HAPPY	https://i.scdn.co/image/ab67616d0000b27329e7568dbd16f270b3d96db4	&Twice (Repackage)	0.145	0.173	0.396	0.755	0.932	https://open.spotify.com/track/5kOyJuMFfRjgqC0lsirIHU
HARE HARE	https://i.scdn.co/image/ab67616d0000b27386220f35cd24a014c70d0e55	Hare Hare	0.0642	0.171	0.176	0.758	0.83	https://open.spotify.com/track/3QcJghvqRS17RoPPP0C2sp
HEART SHAKER	https://i.scdn.co/image/ab67616d0000b273f0d00e054e9a9cb2e86cdf72	Merry & Happy	0.0647	0.105	0.154	0.857	0.944	https://open.spotify.com/track/52FCAZn0YEkZfF0BtiAUMW
HELL IN HEAVEN	https://i.scdn.co/image/ab67616d0000b2736570fd05bcff5edcb16e617d	Eyes Wide Open	0.0604	0.182	0.107	0.694	0.81	https://open.spotify.com/track/3KCreWc88InXH3XuL54C5a
HELLO (NAYEON, MOMO, CHAEYOUNG)	https://i.scdn.co/image/ab67616d0000b273d1961ecb307c9e05ec8f7e82	Formula Of Love: O+T=<3	0.122	0.0363	0.057	0.544	0.638	https://open.spotify.com/track/1bXM8imxd31qCecbHgSk9E
HO!	https://i.scdn.co/image/ab67616d0000b27340d7efd2594a2b6bda60ea18	Summer Nights	0.0979	0.105	0.0242	0.974	0.895	https://open.spotify.com/track/6d09hmOY2gDw4G3Q6ycwvs
HOLD ME TIGHT	https://i.scdn.co/image/ab67616d0000b273d07e49e3e5a8e79903713354	Signal	0.11	0.266	0.413	0.697	0.955	https://open.spotify.com/track/6ZqcC24vsQKxMN6r4vaOX7
HOT	https://i.scdn.co/image/ab67616d0000b273ff7c2dfd0ed9b2cf6bf9c818	Fancy You	0.0714	0.00749	0.0175	0.766	0.571	https://open.spotify.com/track/5Tfp6aW5UTGvul246N5aS0
HOW U DOIN'	https://i.scdn.co/image/ab67616d0000b27329e7568dbd16f270b3d96db4	&Twice (Repackage)	0.0463	0.0237	0.0541	0.43	0.745	https://open.spotify.com/track/1jHsjW9fFBwPakQdGWDJF2
I CAN'T STOP ME	https://i.scdn.co/image/ab67616d0000b2736570fd05bcff5edcb16e617d	Eyes Wide Open	0.102	0.121	0.463	0.769	0.88	https://open.spotify.com/track/37ZtpRBkHcaq6hHy0X98zn
I WANT YOU BACK	https://i.scdn.co/image/ab67616d0000b273cc72cf8eb5fc820d2cb571d6	Bdz (Repackage)	0.0338	0.0148	0.0808	0.787	0.848	https://open.spotify.com/track/7tXmbiWxcQqvAeuqGD0lvV
ICE CREAM	https://i.scdn.co/image/ab67616d0000b273836dfeeabc0e33ace0227d47	Twicecoaster: Lane 2	0.0369	0.451	0.113	0.235	0.573	https://open.spotify.com/track/6cK31aSO00zE4pamzBzYGI
ICON	https://i.scdn.co/image/ab67616d0000b273d1961ecb307c9e05ec8f7e82	Formula Of Love: O+T=<3	0.0484	0.0338	0.0756	0.816	0.809	https://open.spotify.com/track/2VdU1ksBKcETBr8BYRHUvB
IN THE SUMMER	https://i.scdn.co/image/ab67616d0000b273579e945923463492cb43a5ce	Perfect World	0.144	0.0402	0.327	0.55	0.846	https://open.spotify.com/track/04LlwbQp31hLQ6meYbP19t
JALJAYO GOOD NIGHT	https://i.scdn.co/image/ab67616d0000b273f0d00e054e9a9cb2e86cdf72	Merry & Happy	0.0333	0.851	0.0961	0.361	0.392	https://open.spotify.com/track/4iICmJBumChipVrnly5hNZ
JELLY JELLY	https://i.scdn.co/image/ab67616d0000b273836dfeeabc0e33ace0227d47	Twicecoaster: Lane 2	0.0794	0.105	0.324	0.849	0.898	https://open.spotify.com/track/4WMS9IEu4HcQyEzUydplkS
JUST BE YOURSELF	https://i.scdn.co/image/ab67616d0000b27396f409e230a8f42400c901f1	Celebrate	0.0785	0.0472	0.407	0.346	0.762	https://open.spotify.com/track/6zTWUJYLhOFtJaTLCF5pyQ
KNOCK KNOCK	https://i.scdn.co/image/ab67616d0000b273836dfeeabc0e33ace0227d47	Twicecoaster: Lane 2	0.131	0.0243	0.0587	0.473	0.968	https://open.spotify.com/track/3HWOknOVmd44e1jg4g0Sga
KURA KURA	https://i.scdn.co/image/ab67616d0000b273579e945923463492cb43a5ce	Perfect World	0.0986	0.166	0.0648	0.761	0.714	https://open.spotify.com/track/3sroak7dIqGRGmC6VQVDtg
L.O.V.E	https://i.scdn.co/image/ab67616d0000b273cc72cf8eb5fc820d2cb571d6	Bdz (Repackage)	0.0715	0.053	0.109	0.871	0.858	https://open.spotify.com/track/0kUJjs80jyzdOenZV9soAb
LALALA	https://i.scdn.co/image/ab67616d0000b27306ed5d1d101e98e6a270b570	The Year Of ""Yes""	0.0779	0.312	0.177	0.807	0.874	https://open.spotify.com/track/21HMIFXorFoTGhy9sveXkY
LAST WALTZ	https://i.scdn.co/image/ab67616d0000b273d1961ecb307c9e05ec8f7e82	Formula Of Love: O+T=<3	0.105	0.213	0.0892	0.61	0.772	https://open.spotify.com/track/39kH6C2twlYjyssIW02sbr
LIKE A FOOL	https://i.scdn.co/image/ab67616d0000b273ce17f432c79c5e45ce88688f	The Story Begins	0.127	0.0622	0.0975	0.472	0.806	https://open.spotify.com/track/7phEa67BIqrBSBwHrECeqr
LIKE OOH-AHH	https://i.scdn.co/image/ab67616d0000b273ce17f432c79c5e45ce88688f	The Story Begins	0.0783	0.241	0.382	0.692	0.875	https://open.spotify.com/track/3c0CJ0DBgsGZ7I79lyx02Z
LIKEY	https://i.scdn.co/image/ab67616d0000b273f0d00e054e9a9cb2e86cdf72	Merry & Happy	0.0332	0.437	0.117	0.428	0.904	https://open.spotify.com/track/7MXzQjonTIslNqRpm7ouIK
LOOK AT ME	https://i.scdn.co/image/ab67616d0000b273f0d00e054e9a9cb2e86cdf72	Merry & Happy	0.0386	0.165	0.0687	0.635	0.913	https://open.spotify.com/track/1cdWR6r36caIdPC6gPFh8X
LOVE FOOLISH	https://i.scdn.co/image/ab67616d0000b27349b81808fcdaeeb55bef59d1	Feel Special	0.0971	0.118	0.0576	0.577	0.84	https://open.spotify.com/track/1MdEg2lk4EakgWnCvFUGEZ
LOVE LINE	https://i.scdn.co/image/ab67616d0000b273f0d00e054e9a9cb2e86cdf72	Merry & Happy	0.0456	0.269	0.105	0.495	0.761	https://open.spotify.com/track/2EOvgLsjqu5lrZC9gQICgp
LUV ME	https://i.scdn.co/image/ab67616d0000b2736734e7730498eb0d63df66f5	One More Time	0.0426	0.0524	0.35	0.668	0.917	https://open.spotify.com/track/1X1BrTxo2C77VnyEkBJm21
MAKE ME GO	https://i.scdn.co/image/ab67616d0000b27324869424ae632466b839a8a8	More & More	0.0611	0.00539	0.0446	0.814	0.633	https://open.spotify.com/track/6caS9LrdquWAfGeAmjqt1t
MERRY & HAPPY	https://i.scdn.co/image/ab67616d0000b273f0d00e054e9a9cb2e86cdf72	Merry & Happy	0.0377	0.403	0.0817	0.666	0.63	https://open.spotify.com/track/59TGiILFEI1NYSFcxyFiUZ
MISSING U	https://i.scdn.co/image/ab67616d0000b273f0d00e054e9a9cb2e86cdf72	Merry & Happy	0.0482	0.22	0.112	0.849	0.71	https://open.spotify.com/track/3HuLZF0nBNoXqVghfTVjme
MOONLIGHT	https://i.scdn.co/image/ab67616d0000b273d1961ecb307c9e05ec8f7e82	Formula Of Love: O+T=<3	0.071	0.0245	0.0535	0.961	0.704	https://open.spotify.com/track/14k4ALBLN2FjtELYDcQUoi
MOONLIGHT SUNRISE	https://i.scdn.co/image/ab67616d0000b27359f57a5ca507a3d3fed81ea6	Ready To Be	0.0563	0.401	0.0895	0.607	0.78	https://open.spotify.com/track/5IN9W6eUfk3014My9awagX
MORE & MORE	https://i.scdn.co/image/ab67616d0000b27324869424ae632466b839a8a8	More & More	0.06	0.0312	0.173	0.562	0.841	https://open.spotify.com/track/3omvXShuRPM3zbDpWYqf5g
MY HEADPHONES ON	https://i.scdn.co/image/ab67616d0000b2739e9e3a1adcc32090690fd0b6	Page Two	0.126	0.0524	0.107	0.195	0.649	https://open.spotify.com/track/3QdLfJBERr3K1jX328FagL
NEXT PAGE	https://i.scdn.co/image/ab67616d0000b273836dfeeabc0e33ace0227d47	Twicecoaster: Lane 2	0.0571	0.00871	0.623	0.662	0.805	https://open.spotify.com/track/3cwYBJwZCKkRlPsJZbLb9F
ONE IN A MILLION	https://i.scdn.co/image/ab67616d0000b273836dfeeabc0e33ace0227d47	Twicecoaster: Lane 2	0.033	0.149	0.199	0.45	0.732	https://open.spotify.com/track/2WWUozUXaj0XY8MKmFHvYp
ONE MORE TIME	https://i.scdn.co/image/ab67616d0000b273cc72cf8eb5fc820d2cb571d6	Bdz (Repackage)	0.0633	0.00288	0.319	0.671	0.928	https://open.spotify.com/track/1YZz55qh9SHZV8SxDgof4a
ONLY YOU	https://i.scdn.co/image/ab67616d0000b273d07e49e3e5a8e79903713354	Signal	0.034	0.225	0.369	0.674	0.945	https://open.spotify.com/track/4yBk3YSA3BxxLR2TseE8P0
OXYGEN	https://i.scdn.co/image/ab67616d0000b27324869424ae632466b839a8a8	More & More	0.0576	0.0564	0.273	0.501	0.87	https://open.spotify.com/track/128rj96Z6tTEU3h3awSMdB
PERFECT WORLD	https://i.scdn.co/image/ab67616d0000b273579e945923463492cb43a5ce	Perfect World	0.0611	0.0477	0.344	0.599	0.877	https://open.spotify.com/track/0iuZMy88H6vxDA2oaJNhJg
PIECES OF LOVE	https://i.scdn.co/image/ab67616d0000b273579e945923463492cb43a5ce	Perfect World	0.0384	0.236	0.34	0.727	0.767	https://open.spotify.com/track/4xBdYia1CdzUHjguICASZr
PINK LEMONADE	https://i.scdn.co/image/ab67616d0000b27357f1b1435b128f2771fb13b8	Wake Me Up	0.0781	0.0816	0.0564	0.734	0.969	https://open.spotify.com/track/53JPvPxpC5IU4gYVmDLqU6
PIT-A-PAT	https://i.scdn.co/image/ab67616d0000b273836dfeeabc0e33ace0227d47	Twicecoaster: Lane 2	0.168	0.125	0.291	0.582	0.889	https://open.spotify.com/track/2ecHLvstCWxgg8Ae0YBLNT
POLISH	https://i.scdn.co/image/ab67616d0000b27329e7568dbd16f270b3d96db4	&Twice (Repackage)	0.206	0.114	0.0397	0.888	0.874	https://open.spotify.com/track/1ZppWCtHe9AED38H9ue3tn
PONYTAIL	https://i.scdn.co/image/ab67616d0000b273836dfeeabc0e33ace0227d47	Twicecoaster: Lane 2	0.055	0.164	0.79	0.815	0.952	https://open.spotify.com/track/5dOnE1JkTzRdV0zJ59owx0
PRECIOUS LOVE	https://i.scdn.co/image/ab67616d0000b2739e9e3a1adcc32090690fd0b6	Page Two	0.133	0.0387	0.0702	0.463	0.949	https://open.spotify.com/track/6vNuROBEjUNa18Tik5lNzF
PROMISE	https://i.scdn.co/image/ab67616d0000b273579e945923463492cb43a5ce	Perfect World	0.03	0.818	0.116	0.317	0.42	https://open.spotify.com/track/3vA8ZdIqvRARF2pVKlnAWD
PUSH & PULL (JIHYO, SANA, DAHYUN)	https://i.scdn.co/image/ab67616d0000b273d1961ecb307c9e05ec8f7e82	Formula Of Love: O+T=<3	0.156	0.389	0.0658	0.778	0.907	https://open.spotify.com/track/7kbOwsTp2Uqm1scjRPiVt4
QUEEN	https://i.scdn.co/image/ab67616d0000b2736570fd05bcff5edcb16e617d	Eyes Wide Open	0.258	0.139	0.107	0.423	0.837	https://open.spotify.com/track/2xVCwFrNYnllRX1g0drYVI
QUEEN OF HEARTS	https://i.scdn.co/image/ab67616d0000b273c3040848e6ef0e132c5c8340	Between 1&2	0.106	0.102	0.0702	0.815	0.847	https://open.spotify.com/track/3sOEVB8DirQtZc0qhw8lJc
RAINBOW	https://i.scdn.co/image/ab67616d0000b27349b81808fcdaeeb55bef59d1	Feel Special	0.129	0.0236	0.144	0.761	0.849	https://open.spotify.com/track/6uy9lTlZ3xaMYQPk6eaJaz
REAL YOU	https://i.scdn.co/image/ab67616d0000b273d1961ecb307c9e05ec8f7e82	Formula Of Love: O+T=<3	0.12	0.0977	0.0453	0.886	0.831	https://open.spotify.com/track/3ax3sc1Rn99YbjyKT0HALS
REWIND	https://i.scdn.co/image/ab67616d0000b273d1961ecb307c9e05ec8f7e82	Formula Of Love: O+T=<3	0.173	0.768	0.378	0.436	0.732	https://open.spotify.com/track/4BBnKqIS2pj2hX0zm0CZZx
ROLLIN'	https://i.scdn.co/image/ab67616d0000b273f0d00e054e9a9cb2e86cdf72	Merry & Happy	0.044	0.0512	0.279	0.263	0.638	https://open.spotify.com/track/6eu6hIloglsAab8x7kF2bz
SANDCASTLE	https://i.scdn.co/image/ab67616d0000b27396f409e230a8f42400c901f1	Celebrate	0.0577	0.179	0.0522	0.883	0.803	https://open.spotify.com/track/1JxPnxcXUw3XOFHOhnootp
SAY IT AGAIN	https://i.scdn.co/image/ab67616d0000b273cc72cf8eb5fc820d2cb571d6	Bdz (Repackage)	0.137	0.279	0.0673	0.579	0.838	https://open.spotify.com/track/5TlXcQVAcGFQM4HWFjTy0F
SAY SOMETHING	https://i.scdn.co/image/ab67616d0000b2736570fd05bcff5edcb16e617d	Eyes Wide Open	0.0622	0.0859	0.0646	0.723	0.841	https://open.spotify.com/track/2gagYYY4R8QimbnFqd96ST
SAY YES	https://i.scdn.co/image/ab67616d0000b27340d7efd2594a2b6bda60ea18	Summer Nights	0.0785	0.238	0.226	0.366	0.673	https://open.spotify.com/track/3DToyE803ua79lpfAfD2ZB
SAY YOU LOVE ME	https://i.scdn.co/image/ab67616d0000b27306ed5d1d101e98e6a270b570	The Year Of ""Yes""	0.0661	0.307	0.0727	0.929	0.898	https://open.spotify.com/track/0jDOXqTgGkkccDpsLGRWth
SCANDAL	https://i.scdn.co/image/ab67616d0000b273feede28e85bb57807a272a2b	Taste Of Love	0.0535	0.0397	0.0846	0.662	0.873	https://open.spotify.com/track/2fluM1mE0tKQ6rvM77Vr11
SCIENTIST	https://i.scdn.co/image/ab67616d0000b273d1961ecb307c9e05ec8f7e82	Formula Of Love: O+T=<3	0.0675	0.0487	0.126	0.649	0.858	https://open.spotify.com/track/0BJMgVrnWIvgYsjq8KaPeh
SCORPION	https://i.scdn.co/image/ab67616d0000b273282f518a2a0c59dcaa03b2d0	Better	0.0721	0.146	0.0898	0.568	0.835	https://open.spotify.com/track/66eD1wzHyojsvBC7CNJK91
SET ME FREE	https://i.scdn.co/image/ab67616d0000b27359f57a5ca507a3d3fed81ea6	Ready To Be	0.141	0.0966	0.0499	0.703	0.831	https://open.spotify.com/track/4OtVQ2ZxS7yigIjGz5yKg1
SHADOW	https://i.scdn.co/image/ab67616d0000b27324869424ae632466b839a8a8	More & More	0.161	0.138	0.282	0.478	0.751	https://open.spotify.com/track/7HzvvhTmfzvD1dV4F7MIcm
SHOT CLOCK	https://i.scdn.co/image/ab67616d0000b2736570fd05bcff5edcb16e617d	Eyes Wide Open	0.141	0.108	0.357	0.553	0.927	https://open.spotify.com/track/5HSooivbDgCWBOv24vtYiB
SHOT THRU THE HEART	https://i.scdn.co/image/ab67616d0000b27340d7efd2594a2b6bda60ea18	Summer Nights	0.0413	0.0775	0.594	0.263	0.847	https://open.spotify.com/track/5mROY5HeUlKeuUZprakh0Q
SIGNAL	https://i.scdn.co/image/ab67616d0000b273d07e49e3e5a8e79903713354	Signal	0.334	0.22	0.143	0.626	0.761	https://open.spotify.com/track/15rX80MpEJ2OqW3dPunQvI
SOMEONE LIKE ME	https://i.scdn.co/image/ab67616d0000b273d07e49e3e5a8e79903713354	Signal	0.051	0.324	0.136	0.467	0.633	https://open.spotify.com/track/1eZ7uns6UcW63rP772iD0J
SOS	https://i.scdn.co/image/ab67616d0000b273feede28e85bb57807a272a2b	Taste Of Love	0.0613	0.136	0.105	0.85	0.916	https://open.spotify.com/track/0HqzhHq24yCgB9gz5dVFn8
STAY BY MY SIDE	https://i.scdn.co/image/ab67616d0000b273cc72cf8eb5fc820d2cb571d6	Bdz (Repackage)	0.0502	0.0669	0.237	0.562	0.895	https://open.spotify.com/track/3tmvBNuaB0xCLqajufQ5Fs
STRAWBERRY	https://i.scdn.co/image/ab67616d0000b273ff7c2dfd0ed9b2cf6bf9c818	Fancy You	0.0417	0.109	0.0672	0.786	0.665	https://open.spotify.com/track/6IVdh0oQdEOU71jNhFl2CQ
STRAWBERRY MOON	https://i.scdn.co/image/ab67616d0000b2738930a11d2c09cf004cbc8319	Kura Kura	0.0419	0.191	0.0845	0.601	0.865	https://open.spotify.com/track/23VWZ6sTNXZaa3zXkwJm7g
STRONGER	https://i.scdn.co/image/ab67616d0000b27329e7568dbd16f270b3d96db4	&Twice (Repackage)	0.0647	0.0217	0.315	0.962	0.9	https://open.spotify.com/track/4PaWSg8QnJiY7xkhqdP5Kh
STUCK	https://i.scdn.co/image/ab67616d0000b27340d7efd2594a2b6bda60ea18	Summer Nights	0.0537	0.0544	0.142	0.573	0.795	https://open.spotify.com/track/3HSvFO7qyTaJXFTMeLhbkk
STUCK IN MY HEAD	https://i.scdn.co/image/ab67616d0000b273ff7c2dfd0ed9b2cf6bf9c818	Fancy You	0.136	0.102	0.424	0.355	0.789	https://open.spotify.com/track/19rOI8tvgnNUQaNyz0n2TP
SUNSET	https://i.scdn.co/image/ab67616d0000b27306ed5d1d101e98e6a270b570	The Year Of ""Yes""	0.212	0.325	0.56	0.783	0.907	https://open.spotify.com/track/1uRxdjkulZo7dX9fulSSgA
SWEET SUMMER DAY	https://i.scdn.co/image/ab67616d0000b27324869424ae632466b839a8a8	More & More	0.0645	0.0187	0.35	0.589	0.95	https://open.spotify.com/track/6UrML9LyuaBWgZV3nFLLGl
SWEET TALKER	https://i.scdn.co/image/ab67616d0000b27340d7efd2594a2b6bda60ea18	Summer Nights	0.0653	0.0695	0.153	0.798	0.97	https://open.spotify.com/track/3JyQzyB9P3C1vGFrbSC2NG
SWING	https://i.scdn.co/image/ab67616d0000b27329e7568dbd16f270b3d96db4	&Twice (Repackage)	0.0572	0.0216	0.111	0.702	0.741	https://open.spotify.com/track/3egADkalVEpD99sI5AGGYe
TALK THAT TALK	https://i.scdn.co/image/ab67616d0000b273c3040848e6ef0e132c5c8340	Between 1&2	0.124	0.136	0.334	0.783	0.907	https://open.spotify.com/track/0RDqNCRBGrSegk16Avfzuq
THANK YOU, FAMILY	https://i.scdn.co/image/ab67616d0000b273579e945923463492cb43a5ce	Perfect World	0.045	0.181	0.0638	0.502	0.553	https://open.spotify.com/track/6LlUHkJ6FsR5NpZA4vsVNe
THAT'S ALL I'M SAYING	https://i.scdn.co/image/ab67616d0000b27396f409e230a8f42400c901f1	Celebrate	0.0547	0.0945	0.334	0.764	0.748	https://open.spotify.com/track/2fziAh8GECzOzuWl3TtuHV
THE BEST THING I EVER DID	https://i.scdn.co/image/ab67616d0000b27306ed5d1d101e98e6a270b570	The Year Of ""Yes""	0.0248	0.383	0.156	0.468	0.655	https://open.spotify.com/track/4ZI5oNBcRlYAEicib87I8O
THE FEELS	https://i.scdn.co/image/ab67616d0000b273d1961ecb307c9e05ec8f7e82	Formula Of Love: O+T=<3	0.0729	0.0899	0.0816	0.922	0.903	https://open.spotify.com/track/308Ir17KlNdlrbVLHWhlLe
THE REASON WHY	https://i.scdn.co/image/ab67616d0000b27329e7568dbd16f270b3d96db4	&Twice (Repackage)	0.0279	0.116	0.336	0.536	0.643	https://open.spotify.com/track/7whZfPOZM5Xcn9pY4NaAw0
THREE TIMES A DAY	https://i.scdn.co/image/ab67616d0000b273d07e49e3e5a8e79903713354	Signal	0.0679	0.213	0.11	0.755	0.728	https://open.spotify.com/track/0pDejq7YwJfZnZOGhqz8qU
TICK TOCK	https://i.scdn.co/image/ab67616d0000b27396f409e230a8f42400c901f1	Celebrate	0.073	0.11	0.303	0.607	0.789	https://open.spotify.com/track/05LG5cpzayKEtup58fdZjA
TOUCHDOWN	https://i.scdn.co/image/ab67616d0000b2739e9e3a1adcc32090690fd0b6	Page Two	0.0438	0.0454	0.335	0.682	0.837	https://open.spotify.com/track/33Y2SR1SLyfXD6lotmt0oP
TRICK IT	https://i.scdn.co/image/ab67616d0000b27349b81808fcdaeeb55bef59d1	Feel Special	0.0742	0.0867	0.135	0.659	0.896	https://open.spotify.com/track/10la9pZeeL51aEjzC02SkI
TROUBLE	https://i.scdn.co/image/ab67616d0000b273c3040848e6ef0e132c5c8340	Between 1&2	0.126	0.0528	0.0427	0.571	0.875	https://open.spotify.com/track/5L9eGmPwQnhIlJY1qDQ3OJ
TRUTH	https://i.scdn.co/image/ab67616d0000b273ce17f432c79c5e45ce88688f	The Story Begins	0.131	0.0358	0.223	0.547	0.731	https://open.spotify.com/track/1qN62P5nl5mQTEBQnoZPb2
TT	https://i.scdn.co/image/ab67616d0000b273836dfeeabc0e33ace0227d47	Twicecoaster: Lane 2	0.0891	0.0463	0.434	0.35	0.86	https://open.spotify.com/track/1dLmduuScyeYONBTKKu3VG
TUK TOK	https://i.scdn.co/image/ab67616d0000b2739e9e3a1adcc32090690fd0b6	Page Two	0.0894	0.0892	0.0912	0.546	0.86	https://open.spotify.com/track/4QjEhQSYq8BB48iHnvJMt3
TURN IT UP	https://i.scdn.co/image/ab67616d0000b273ff7c2dfd0ed9b2cf6bf9c818	Fancy You	0.0521	0.0625	0.14	0.961	0.812	https://open.spotify.com/track/6xafmaRsoHMtKWpH0pEWHX
TURTLE	https://i.scdn.co/image/ab67616d0000b273f0d00e054e9a9cb2e86cdf72	Merry & Happy	0.135	0.523	0.16	0.623	0.808	https://open.spotify.com/track/00Cng9YenhxNXRyZTNcYZW
UP NO MORE	https://i.scdn.co/image/ab67616d0000b2736570fd05bcff5edcb16e617d	Eyes Wide Open	0.0585	0.0298	0.103	0.713	0.88	https://open.spotify.com/track/1LiNP5q2thWScdvCRkJ584
VOICES OF DELIGHT	https://i.scdn.co/image/ab67616d0000b27396f409e230a8f42400c901f1	Celebrate	0.118	0.148	0.0387	0.756	0.871	https://open.spotify.com/track/2Ij1NaPpsFSKJ0M65tSV4j
WAKE ME UP	https://i.scdn.co/image/ab67616d0000b273cc72cf8eb5fc820d2cb571d6	Bdz (Repackage)	0.0807	0.209	0.318	0.795	0.994	https://open.spotify.com/track/6SvSuEsXDqQwHAPv5hX68G
WALLFLOWER	https://i.scdn.co/image/ab67616d0000b27359f57a5ca507a3d3fed81ea6	Ready To Be	0.0617	0.294	0.112	0.648	0.838	https://open.spotify.com/track/6EGkbPJrb88STcdfMu1j1y
WHAT IS LOVE	https://i.scdn.co/image/ab67616d0000b27340d7efd2594a2b6bda60ea18	Summer Nights	0.0658	0.0987	0.264	0.569	0.909	https://open.spotify.com/track/3zhbXKFjUDw40pTYyCgt1Y
WHAT YOU WAITING FOR	https://i.scdn.co/image/ab67616d0000b27329e7568dbd16f270b3d96db4	&Twice (Repackage)	0.0735	0.024	0.302	0.695	0.91	https://open.spotify.com/track/358ve4TxxUYYJNJaq99iXK
WHEN WE WERE KIDS	https://i.scdn.co/image/ab67616d0000b273c3040848e6ef0e132c5c8340	Between 1&2	0.0813	0.34	0.109	0.537	0.659	https://open.spotify.com/track/7uAKsykguOnXZSh0WpOW5z
WISHING	https://i.scdn.co/image/ab67616d0000b273cc72cf8eb5fc820d2cb571d6	Bdz (Repackage)	0.0458	0.16	0.0541	0.433	0.719	https://open.spotify.com/track/3uj2LisbXDqSnEXLY8KTyf
WONDERFUL DAY	https://i.scdn.co/image/ab67616d0000b27379e2f324a8a4a1ddd05520f1	Doughnut	0.0335	0.395	0.168	0.547	0.578	https://open.spotify.com/track/75wtNse2szKx7YT2WKhiTL
WOOHOO	https://i.scdn.co/image/ab67616d0000b2739e9e3a1adcc32090690fd0b6	Page Two	0.0652	0.041	0.176	0.737	0.884	https://open.spotify.com/track/0AXpGfYRyu7sTDaibgl4Qu
WOW	https://i.scdn.co/image/ab67616d0000b273f0d00e054e9a9cb2e86cdf72	Merry & Happy	0.149	0.355	0.0547	0.922	0.914	https://open.spotify.com/track/19SVVy0W0AAWzTKZ9CQByS
YES OR YES	https://i.scdn.co/image/ab67616d0000b27306ed5d1d101e98e6a270b570	The Year Of ""Yes""	0.0375	0.0597	0.162	0.747	0.926	https://open.spotify.com/track/27EUkTy6RrDCCToOoRXiQB
YOU IN MY HEART	https://i.scdn.co/image/ab67616d0000b273f0d00e054e9a9cb2e86cdf72	Merry & Happy	0.0331	0.291	0.109	0.421	0.858	https://open.spotify.com/track/0GV45f8tB2rIesm3Z5KPPd
YOUNG & WILD	https://i.scdn.co/image/ab67616d0000b27306ed5d1d101e98e6a270b570	The Year Of ""Yes""	0.116	0.131	0.32	0.31	0.644	https://open.spotify.com/track/34Dg4dzoa8Drq7e3TrKgLP
